<?xml version="1.0" encoding="UTF-8" standalone="yes"?>
<addon id="plugin.video.ring_doorbell" name="Ring video doorbell" version="1.0.0" provider-name="jlippold, tchellomello">
    <requires>
        <import addon="xbmc.python" version="2.20.0" />
        <import addon="script.module.requests" version="2.12.4" />
        <import addon="script.module.dateutil" version="2.5.3" />
        <import addon="script.module.pytz" version="2014.2" />
    </requires>
    <extension point="xbmc.python.pluginsource" library="default.py">
        <provides>video</provides>
    </extension>
    <extension point="xbmc.addon.metadata">
        <license>GNU General Public License, v2</license>
        <description lang="en">Play ring doorbell saved recording from Kodi. Requires a paid Ring.com subscription</description>
        <platform>all</platform>
        <website>https://github.com/jlippold</website>
        <assets>
            <icon>icon.png</icon>
            <fanart>fanart.png</fanart>
        </assets>
    </extension>
</addon>